{"schemaVersion":16,"addons":[{"id":"greasemonkeyforpm@janekptacijarabaci","syncGUID":"{6cadbf09-a2c6-4ed9-aa2f-2af8e0397a7a}","location":"app-profile","version":"3.31.4","type":"extension","internalName":null,"updateURL":"https://github.com/janekptacijarabaci/greasemonkey/raw/_forkBranch_Pale-Moon/update.rdf","updateKey":null,"optionsURL":"chrome://greasemonkey/content/options.xul","optionsType":null,"aboutURL":null,"iconURL":"chrome://greasemonkey/skin/icon32.png","icon64URL":"chrome://greasemonkey/skin/icon64.png","defaultLocale":{"name":"Greasemonkey for Pale Moon","description":"A User Script Manager","creator":"Aaron Boodman; http://youngpup.net/ (Pale Moon: janekptacijarabaci)","homepageURL":"https://github.com/janekptacijarabaci/greasemonkey/releases","developers":["janekptacijarabaci"],"translators":["3deshka","Alan C. (alan2loin)","Alejandro Pérez (AlePerez92)","Alessandro Menti (elgaton)","Andi Chandler (andi)","barryoni","Bilouba","Classic","DakSrbija","Dream1","dyedfox (yaryi)","Dzhim.C","Ettore Atalan (Atalanttore)","fux","Gustavo Silva (Sukigu)","gutierrez","haebaru","hosiguma","igorruckert","janekptacijarabaci","Jeroen van Warmerdam (jerone)","Jovan Gerodetti (TitanNano)","Jozef Gaál (dodog)","Jump4Style","k2jp","kenmooda","Kityn","Leszek Życzkowski (teo)","lois","LWChris","Lyubomir Vasilev (lyubomirv)","Mark Heijl (markh)","Matilin Torre (Watilin)","Matthieu Martin (matthieum)","Mikael Hiort af Ornäs (Lakrits)","milupo","myahoo","Nik Radaev (veadarkin)","omrakin","panos78","Peter Chen (petercpg)","Peter Klofutar (Klofutar)","Philippe Serhal (philippeserhal)","Pimm Hogeling (pimmhogeling)","pmi","Rancher","rarh","reinekefux","Reza_NA","Татьяна Гузенко (bigeyes490)","Team erweiterungen.de","Tim Babych (tymofiy)","Tomáš Taro (tomastaro)","Ullebe1","vodkoterapevt","WonderCsabo","Y.F Yang (yfdyh000)","yymp","zmni"],"contributors":["aidanhs; http://aidanhs.com/","Alexander Sturm; http://alex.st/","Anthony Lieuallen; http://arantius.com/","Chris Feldmann; http://axlotl.net/","crackevil","Crazycatz00","David Schontzler; http://stilleye.com/","Erik Vold; http://erikvold.com/","Gareth Andrew; http://freegarethandrew.org/","Hisateru Tanaka","Jeremy Dunck; http://dunck.us/anabasis/","Jeroen van Warmerdam; http://www.jeroenvanwarmerdam.nl/","Jesper Kristensen; <mail@jesperkristensen.dk>","Johan Sundström; http://ecmanaut.blogspot.com/","JP Sugarbroad","Juan Pablo Guereca Alonso","Manpreet Singh","Mark Pilgrim; http://diveintomark.org/","Marti Martz","Matthew Gray; http://mkgray.com:8000/","Matthias Bauer; http://moeffju.net/","meh.; http://meh.schizofreni.co/","Mike Medley; http://sizzlemctwizzle.com/","Ms2ger","Nikolas Coukouma; http://atrus.org/","Olivier Cornu; <o.cornu@gmail.com>","Ori Avtallon","Pak Kei (logo); http://arkidect.com/","Sam Larison; http://samlarison.com/","Paul O’Shannessy; http://zpao.com/","Sergio Abreu; http://sitedosergio.sitesbr.net/","the8472","Tommi Rautava","Ventero; <gh@ventero.de>"]},"visible":true,"active":true,"userDisabled":false,"appDisabled":false,"descriptor":"/home/user/palemoon/MSVS_HOME/extensions/greasemonkeyforpm@janekptacijarabaci.xpi","installDate":1695017081000,"updateDate":1695017081000,"applyBackgroundUpdates":1,"bootstrap":false,"size":1007577,"sourceURI":"https://objects.githubusercontent.com/github-production-release-asset-2e65be/11999481/44c8fd32-986d-11e8-9e15-c3466b4e67ff?X-Amz-Algorithm=AWS4-HMAC-SHA256&X-Amz-Credential=AKIAIWNJYAX4CSVEH53A%2F20230918%2Fus-east-1%2Fs3%2Faws4_request&X-Amz-Date=20230918T060413Z&X-Amz-Expires=300&X-Amz-Signature=e45bf05480ea3ae742caa64b97a540cf0bd7728fdaad6d547548d6f07318e8be&X-Amz-SignedHeaders=host&actor_id=0&key_id=0&repo_id=11999481&response-content-disposition=inline%3B%20filename%3Dgreasemonkey-3.31.4-pm_forkBranch.xpi&response-content-type=application%2Fx-xpinstall","releaseNotesURI":null,"softDisabled":false,"foreignInstall":false,"hasBinaryComponents":false,"strictCompatibility":false,"locales":[],"targetApplications":[{"id":"{8de7fcbb-c55c-4fbe-bfc5-fc555c87dbc4}","minVersion":"27.1.0","maxVersion":"28.*"},{"id":"{ec8030f7-c20a-464f-9b0e-13a3a9e97384}","minVersion":"39.0.0","maxVersion":"56.*"}],"targetPlatforms":[],"multiprocessCompatible":true,"native":true},{"id":"{972ce4c6-7e08-4474-a285-3208198ce6fd}","syncGUID":"{6008b589-fa04-4fed-af39-ee1988ff8dc0}","location":"app-global","version":"32.4.0.1","type":"theme","internalName":"classic/1.0","updateURL":null,"updateKey":null,"optionsURL":null,"optionsType":null,"aboutURL":null,"iconURL":null,"icon64URL":null,"defaultLocale":{"name":"Default","description":"The default theme.","creator":"Moonchild Productions","homepageURL":null,"contributors":["Mozilla Contributors"]},"visible":true,"active":true,"userDisabled":false,"appDisabled":false,"descriptor":"/home/user/palemoon/palemoon/browser/extensions/{972ce4c6-7e08-4474-a285-3208198ce6fd}.xpi","installDate":1694621608000,"updateDate":1694621608000,"applyBackgroundUpdates":1,"skinnable":true,"size":3644,"sourceURI":null,"releaseNotesURI":null,"softDisabled":false,"foreignInstall":false,"hasBinaryComponents":false,"strictCompatibility":true,"locales":[],"targetApplications":[{"id":"{8de7fcbb-c55c-4fbe-bfc5-fc555c87dbc4}","minVersion":"32.4.0.1","maxVersion":"32.4.0.1"}],"targetPlatforms":[]}]}