{"chrome://browser/content/browser.xul":{"addon-bar":{"currentset":"addonbar-closebutton,status4evar-status-widget,status4evar-progress-widget,status-bar","collapsed":"false"},"main-window":{"screenX":"0","screenY":"0","width":"1440","height":"789","sizemode":"normal"},"nav-bar":{"currentset":"unified-back-forward-button,reload-button,stop-button,home-button,urlbar-container,search-container,bookmarks-menu-button,history-menu-button,downloads-button,window-controls,greasemonkey-tbb"},"sidebar-title":{"value":""}},"chrome://browser/content/preferences/preferences.xul":{"BrowserPreferences":{"lastSelected":"paneMain","screenX":"656","screenY":"256"}},"chrome://devtools/content/scratchpad/scratchpad.xul":{"main-window":{"screenX":"640","screenY":"286","width":"640","height":"480","sizemode":"normal"}}}